,Complexity,Time,Sims
0,120,0 days 00:00:03.611685000,1000
,Complexity,Time,Sims
0,24,0 days 00:00:00.443227000,1000
0,60,0 days 00:00:01.528522000,1000
